{"Average Train Loss": 0.0, "LR": 8.000000000000002e-05, "_step": 8, "_runtime": 68, "_timestamp": 1603026014, "Test Accuracy": 1.0, "Test Loss": 0.0723139539718628}