{"graph_0": {"_type": "graph-file", "path": "media/graph/g.r.a.p.h._.0_summary_c121ebde.graph.json", "sha256": "c121ebdee5314f5cd924fde8350d9143978a7a89c1ebf7ddd8e6aef2f7da6ed0", "size": 20180}, "Train Loss": 4.622434616088867, "LR": 1.2787723785002714e-05, "_step": 0, "_runtime": 6, "_timestamp": 1603020089}