{"graph_0": {"_type": "graph-file", "path": "media/graph/g.r.a.p.h._.0_summary_92a4d202.graph.json", "sha256": "92a4d2020c4b3d0510bf7cf6facd57d90dfdd233aa83367b9f2164bf3915dffa", "size": 20180}, "Train Loss": 4.668911933898926, "LR": 0.000268542199485057, "_step": 1, "_runtime": 27, "_timestamp": 1603025217}